cluster,ellipt,spiral
0,0.35177988496813306,0.6482201150318669
1,0.3946980854197349,0.605301914580265
